danceability,energy,loudness,speechiness,acousticness,instrumentalness,liveness,valence,tempo,id,duration_ms
0.392,0.476,-7.583,0.0249,0.397,0.000163,0.309,0.234,78.031,1xsYj84j7hUDDnTTerGWlH,267597
0.548,0.691,-13.553,0.0369,0.015,0.106,0.144,0.667,137.145,4KfSdst7rW39C0sfhArdrz,261933
0.413,0.881,-5.541,0.0367,5.99e-05,0.000308,0.0805,0.364,158.066,5UWwZ5lm5PKu6eKsHAGxOk,250547
0.532,0.887,-3.757,0.0335,0.0778,0.000214,0.294,0.795,122.511,37ZJ0p5Jm13JPevGcx4SkF,249293
0.545,0.64,-9.937,0.224,0.00249,0.0304,0.196,0.606,80.544,70YvYr2hGlS01bKRIho1HM,230480
0.635,0.686,-15.648,0.053,0.209,0.0176,0.282,0.464,125.988,2EC9IJj7g0mN1Q5VrZkiYY,274747
0.743,0.446,-7.807,0.0683,0.0039,0.118,0.337,0.278,123.596,3dPQuX8Gs42Y7b454ybpMR,232107
0.73,0.487,-10.991,0.0303,0.258,0.01,0.0852,0.731,114.965,254bXAqt3zP6P50BdQvEsq,226653
0.502,0.89,-5.175,0.0364,0.000147,0.0117,0.217,0.259,133.52,57bgtoPSgt236HzfBOd8kj,292880
0.267,0.953,-4.899,0.096,0.00211,0.0,0.283,0.568,84.989,0PdM2a6oIjqepoEfcJo0RO,267307
0.579,0.508,-9.484,0.027,0.00574,0.000494,0.0575,0.609,147.125,40riOy7x9W7GXjyGp4pjAv,391376
0.305,0.833,-7.981,0.0398,0.000327,2.36e-05,0.091,0.586,100.675,5sFDReWLrZHLFZFjHsjUTS,206773
0.412,0.902,-11.6,0.405,0.0484,0.131,0.405,0.422,89.74,0hCB0YR03f6AmQaHbwWDe8,333893
0.515,0.43,-9.935,0.0372,0.0097,0.000133,0.129,0.104,91.844,70LcF31zb1H0PyJoS1Sx1r,238640
0.526,0.978,-5.436,0.108,0.00122,4.75e-05,0.0744,0.451,141.167,05RgAMGypEvqhNs5hPCbMS,210227
0.362,0.961,-5.664,0.0857,0.024,9.35e-06,0.159,0.491,164.019,2RaA6kIcvomt77qlIgGhCT,153840
0.933,0.528,-6.472,0.162,0.112,0.329,0.163,0.756,109.975,57JVGBtBLCfHw2muk5416J,214653
0.27,0.944,-4.199,0.0975,0.00501,2.05e-05,0.116,0.606,146.347,6hTcuIQa0sxrrByu9wTD7s,269920
0.566,0.834,-8.412,0.0298,0.00277,0.008,0.0625,0.621,123.296,3VqHuw0wFlIHcIPWkhIbdQ,331560
0.73,0.868,-7.325,0.0288,0.0632,0.0661,0.318,0.923,148.217,6cr6UDpkjEaMQ80OjWqEBQ,350400
0.394,0.944,-6.506,0.0761,0.00178,4.54e-06,0.298,0.265,105.338,6QewNVIDKdSl8Y3ycuHIei,292581
0.683,0.63,-8.844,0.0296,0.363,0.000873,0.314,0.481,102.457,1CM1wOqD2AIjt2MWd31LV2,261440
0.599,0.931,-4.653,0.0735,0.0302,6.69e-05,0.392,0.536,140.123,549Go7a66CX6k523uK9kUv,270427
0.49,0.724,-9.581,0.0366,0.00976,0.0046,0.159,0.292,125.812,4qgZs0RNjdzKAS22lP0QjY,337506
0.64,0.663,-7.516,0.0374,0.201,0.00806,0.152,0.663,132.77,4BP3uh0hFLFRb5cjsgLqDh,140773
0.618,0.748,-8.905,0.358,0.0384,4.1e-06,0.0473,0.663,134.114,3EYOJ48Et32uATr9ZmLnAo,191947
0.666,0.936,-9.919,0.0476,0.00244,0.086,0.153,0.776,91.577,0uppYCG86ajpV2hSR3dJJ0,282907
0.472,0.366,-12.595,0.0286,0.15,0.312,0.0837,0.171,127.163,5HNCy40Ni5BZJFw1TKzRsC,382297
0.5,0.824,-5.846,0.0388,0.00016,0.00161,0.0916,0.539,120.125,4P5KoWXOxwuobLmHXLMobV,218920
0.453,0.987,-4.485,0.0889,0.0195,0.283,0.268,0.316,123.544,0G21yYKMZoHa30cYVi1iA8,273480
0.757,0.868,-9.326,0.062,0.411,0.00221,0.355,0.815,138.923,5UwbnHhjnbinJH8TefuQfN,199200
0.532,0.767,-5.509,0.0574,0.00287,0.000513,0.39,0.755,127.361,2SiXAy7TuUkycRVbbWDEpo,210173
0.634,0.63,-8.277,0.031,0.447,0.039,0.17,0.489,118.628,6H3kDe7CGoWYBabAeVWGiD,270773
0.464,0.655,-9.058,0.0608,0.0272,1.34e-06,0.328,0.531,169.515,3dmqIB2Qxe2XZobw9gXxJ6,273600
0.545,0.67,-8.81,0.0496,0.009,0.000822,0.0451,0.481,151.553,5e9TFTbltYBg2xThimr0rU,270213
0.668,0.447,-11.124,0.0312,0.48,2.89e-06,0.153,0.588,81.415,5AoZknxgY6F25gAcVahO41,281000
0.489,0.724,-8.367,0.0352,0.313,0.185,0.287,0.15,117.292,3qiyyUfYe7CRYLucrPmulD,300400
0.389,0.476,-9.342,0.0316,0.619,5.09e-05,0.255,0.566,148.117,6txWz9UapYHVxEd7dDIHXT,217107
0.309,0.93,-6.399,0.125,0.0192,0.0022,0.106,0.376,195.815,0QeI79sp1vS8L3JgpEO7mD,280000
0.497,0.693,-7.024,0.0565,0.19,0.0,0.215,0.358,111.539,6cFZ4PLC19taNlpl9pbGMf,296493
0.741,0.58,-9.05,0.0304,0.117,3.31e-05,0.212,0.944,127.402,0vOkmmJEtjuFZDzrQSFzEE,171267
0.454,0.946,-5.978,0.13,0.0223,0.0,0.173,0.647,138.18,0upLyFR8Rr52ZpMp5esQoq,156147
0.743,0.836,-6.465,0.116,0.0804,0.0,0.384,0.82,113.375,39shmbIHICJ2Wxnk1fPSdz,188987
0.315,0.534,-7.552,0.031,0.000825,0.108,0.101,0.283,116.891,61Q9oJNd9hJQFhSDh6Qlap,269720
0.721,0.521,-8.123,0.0613,0.0708,0.00545,0.127,0.942,123.118,1i6N76fftMZhijOzFQ5ZtL,261413
0.729,0.818,-9.992,0.0732,0.157,0.284,0.195,0.906,125.814,6FsQrRpBLgsrFeAeiQqytm,267000
0.666,0.855,-5.051,0.0295,0.179,1.2e-06,0.0987,0.803,125.639,31AOj9sFz2gM0O3hMARRBx,268427
0.475,0.432,-7.844,0.0302,0.183,0.0,0.161,0.648,94.605,6ORqU0bHbVCRjXm9AjyHyZ,153467
0.631,0.689,-8.358,0.0284,0.0731,0.000357,0.102,0.645,107.667,0nFKHCf1Ibij8m370l2KlZ,225227
0.671,0.373,-18.064,0.0323,0.257,8.01e-05,0.0481,0.732,92.718,2374M0fQpWi3dLnB54qaLX,295893
0.252,0.802,-3.976,0.0391,0.13,0.0146,0.309,0.253,150.056,0oerlffJSzhRVvtDfLcp3N,308667
0.249,0.834,-8.21,0.0577,0.0738,9.48e-05,0.0924,0.338,118.223,5EWPGh7jbTNO2wakv8LjUI,547107
0.454,0.913,-4.008,0.107,0.408,0.000271,0.248,0.521,137.688,7ACxUo21jtTHzy7ZEV56vU,293183
0.654,0.929,-5.906,0.0998,0.0468,0.0,0.0539,0.902,144.774,6KTv0Z8BmVqM7DPxbGzpVC,168840
0.693,0.394,-15.882,0.0428,0.0782,0.000694,0.247,0.721,104.114,4gMgiXfqyzZLMhsksGmbQV,238747
0.412,0.658,-12.051,0.0708,4.52e-05,0.000774,0.176,0.454,163.071,1Y373MqadDRtclJNdnUXVc,168406
0.601,0.532,-9.119,0.0286,0.432,6.25e-06,0.0925,0.341,136.571,3gdewACMIVMEWVbyb8O9sY,281613
0.472,0.9,-6.406,0.0582,0.148,0.000297,0.34,0.42,95.826,3KhF2YiNpJvGpfiCW45R6D,214960
0.505,0.836,-7.384,0.101,0.0103,0.0771,0.295,0.764,159.669,1RJeiAIwR9pZBgJA8ndZLL,204480
0.581,0.854,-8.485,0.0428,0.00197,0.0013,0.111,0.788,131.18,0K6yUnIKNsFtfIpTgGtcHm,259840
0.663,0.712,-7.268,0.0479,0.524,0.0,0.0804,0.527,113.439,2aSFLiDPreOVP6KHiWk4lF,236520
0.346,0.768,-5.695,0.0377,0.00603,0.38,0.0244,0.532,169.492,0NWPxcsf5vdjdiFUI8NgkP,210160
0.456,0.59,-8.638,0.0327,0.00182,0.00379,0.104,0.243,124.635,2N2yrmodOnVF10mKvItC9P,283733
0.581,0.624,-8.346,0.0777,0.0987,0.0,0.0411,0.637,139.714,4vO9dmzNRqDhFY3jD1a3P7,151293
0.564,0.932,-10.068,0.0554,0.013,0.169,0.349,0.619,112.937,78lgmZwycJ3nzsdgmPPGNx,146250
0.787,0.472,-12.824,0.0832,0.221,0.000336,0.153,0.824,120.059,1gcESexgftSuLuML57Y69q,330643
0.601,0.859,-5.263,0.0276,0.000359,0.00124,0.0871,0.446,125.145,1UBQ5GK8JaQjm5VbkBZY66,258027
0.398,0.952,-6.042,0.061,0.000373,7.75e-05,0.1,0.584,122.093,0dOg1ySSI7NkpAe89Zo0b9,278680
0.586,0.7,-9.558,0.0363,0.0589,0.00125,0.0318,0.897,147.245,1HOMkjp0nHMaTnfAkslCQj,295400
0.82,0.452,-9.796,0.0348,0.543,0.00294,0.0714,0.74,117.401,1JSTJqkT5qHq8MDJnJbRE1,253920
0.714,0.937,-2.947,0.0399,0.206,0.0,0.0731,0.964,124.13,5EOoMWIB9iK4ZpcSex9Ec7,194147
0.741,0.697,-7.028,0.0277,0.0664,2.28e-05,0.133,0.774,116.109,2LawezPeJhN4AWuSB0GtAU,160133
0.598,0.901,-6.081,0.0359,0.116,0.0401,0.178,0.814,153.24,4cMHCRLPNoEbpnl2rz6GS9,231120
0.602,0.905,-4.046,0.0775,0.000202,0.064,0.117,0.411,128.019,4VqPOruhp5EdPBeR92t6lQ,304840
0.683,0.594,-8.289,0.0347,0.385,8.61e-05,0.121,0.734,115.099,2K2M0TcglCRLLpFOzKeFZA,250400
0.31,0.7,-5.678,0.047,0.011,0.00965,0.0828,0.763,188.386,08mG3Y1vljYA6bvDt4Wqkj,255493
0.489,0.758,-6.491,0.0297,0.000678,0.49,0.092,0.435,112.113,7Jh1bpe76CNTCgdgAdBw4Z,371413
0.667,0.755,-7.246,0.069,0.0966,6.94e-05,0.0523,0.883,109.535,6gXrEUzibufX9xYPk3HD5p,286220
0.419,0.677,-6.183,0.0343,0.00101,9.99e-05,0.211,0.684,127.678,1GqlvSEtMx5xbGptxOTTyk,303587
0.404,0.72,-9.18,0.0623,5.59e-05,0.836,0.0466,0.475,121.864,6GtX0jaNL8IjVQfrDBx81z,258467
0.413,0.725,-5.787,0.0324,0.369,2.16e-05,0.0905,0.44,124.618,5uvosCdMlFdTXhoazkTI5R,429760
0.404,0.902,-3.88,0.0665,0.577,0.297,0.287,0.497,115.669,2kkvB3RNRzwjFdGhaUA0tz,423840
0.535,0.716,-5.025,0.0431,0.326,0.0,0.659,0.901,94.379,2Cdvbe2G4hZsnhNMKyGrie,175173
0.592,0.767,-2.788,0.027,0.0021,0.00165,0.127,0.328,96.483,48UPSzbZjgc449aqz8bxox,329733
0.49,0.715,-5.549,0.0476,0.386,0.0,0.311,0.866,130.726,4pbG9SUmWIvsROVLF0zF9s,145747
0.596,0.605,-12.145,0.0255,0.181,0.000331,0.0863,0.886,97.798,7e89621JPkKaeDSTQ3avtg,283800
0.502,0.912,-4.556,0.0564,2.55e-05,0.000173,0.106,0.72,116.761,5ghIJDpPoe3CfHMGu71E6T,301920
0.583,0.947,-5.12,0.0378,0.0185,0.00109,0.0679,0.803,135.448,07GvNcU1WdyZJq3XxP0kZa,223613
0.543,0.944,-7.495,0.0543,0.402,0.000564,0.0373,0.735,101.174,4nuUssdgKFy2QyYHHNkZQW,279440
0.5,0.748,-9.072,0.0363,0.127,0.0,0.447,0.514,118.852,4bHsxqR3GMrXTxEPLuK5ue,250987
0.465,0.919,-4.025,0.0408,1.83e-05,2.07e-05,0.262,0.537,135.997,5OQsiBsky2k2kDKy2bX2eT,235293
0.445,0.706,-9.803,0.0461,0.234,0.000252,0.205,0.768,80.823,43DeSV93pJPT4lCZaWZ6b1,266720
0.309,0.649,-8.994,0.035,0.0158,0.00591,0.367,0.312,166.915,7EZC6E7UjZe63f1jRmkWxt,306440
0.686,0.92,-6.231,0.0566,0.301,0.27,0.0807,0.225,135.027,0cJPLFrlV7TTCyPLupHzcH,511400
0.336,0.792,-10.875,0.084,0.00351,0.00175,0.0437,0.427,155.587,3IOQZRcEkplCXg6LofKqE9,355304
0.573,0.939,-6.441,0.0808,0.493,0.0,0.0994,0.963,137.382,29SyMC0plk6qw8NMF7lfRL,134253
0.468,0.607,-11.367,0.0336,0.072,0.000852,0.225,0.886,98.429,3MODES4TNtygekLl146Dxd,263333
0.446,0.952,-5.321,0.0523,0.0901,0.0857,0.112,0.624,125.303,7snQQk1zcKl8gZ92AnueZW,356067
0.632,0.586,-11.333,0.0284,0.0983,0.581,0.0535,0.89,114.243,5SAUIWdZ04OxYfJFDchC7S,342173
0.55,0.765,-8.684,0.0287,4.76e-06,0.873,0.132,0.419,139.46,3qLZ866ZfaK0B0R5FIqXLG,252533
0.562,0.779,-6.705,0.0592,0.363,0.0292,0.066,0.967,119.602,3RZMzCvYsmJ0u2ioKTOsmJ,179387
0.375,0.893,-4.097,0.0406,0.000509,0.0,0.187,0.434,174.323,7ygpwy2qP3NbrxVkHvUhXY,258773
0.215,0.927,-7.327,0.0452,0.000273,0.00661,0.126,0.49,170.814,6qLEOZvf5gI7kWE63JE7p3,194853
0.482,0.617,-12.931,0.0458,0.00543,0.000146,0.284,0.718,125.697,58XWGx7KNNkKneHdprcprX,252493
0.475,0.322,-10.687,0.0283,0.367,0.00056,0.11,0.387,93.503,6zeE5tKyr8Nu882DQhhSQI,206267
0.524,0.953,-7.097,0.0416,0.00757,5.02e-06,0.771,0.869,133.828,669cOBjpY4Y5O98Nmk6139,253827
0.575,0.912,-7.275,0.0393,0.0916,0.00211,0.0562,0.843,117.399,4nXkbcTj3nyww1cHkw5RAP,207267
0.591,0.804,-7.299,0.0454,0.327,5.98e-06,0.0818,0.658,111.457,5LNiqEqpDc8TuqPy79kDBu,329413
0.536,0.901,-7.211,0.0374,0.00145,0.0186,0.06,0.666,87.559,3QZ7uX97s82HFYSmQUAN1D,276880
0.587,0.872,-5.066,0.0484,0.018,0.0,0.622,0.735,159.925,1OxcIUqVmVYxT6427tbhDW,221333
0.577,0.808,-7.04,0.039,0.0338,1.33e-05,0.221,0.869,151.008,1oYYd2gnWZYrt89EBXdFiO,290280
0.539,0.828,-9.108,0.035,0.00067,0.421,0.154,0.562,105.25,54bm2e3tk8cliUz3VSdCPZ,515387
0.333,0.927,-8.55,0.0733,0.0029,0.000208,0.297,0.385,141.466,5QTxFnGygVM4jFQiBovmRo,308120
0.268,0.98,-5.958,0.103,0.0192,0.00709,0.182,0.395,100.315,6eN1f9KNmiWEhpE2RhQqB5,405600
0.379,0.76,-10.961,0.0378,0.00298,0.0296,0.104,0.491,99.436,73TxYZd0lBCVRrHawrAglA,274088
0.338,0.34,-12.049,0.0339,0.58,0.0032,0.116,0.197,82.433,0RO9W1xJoUEpq5MEelddFb,482830
0.828,0.492,-9.744,0.0276,0.0644,0.00428,0.128,0.789,120.151,0ofHAoxe9vBkTCp2UQIavz,257800
0.392,0.402,-9.961,0.0536,0.288,0.0,0.243,0.228,143.883,7tFiyTwD0nx5a1eklYtX2J,354320
0.468,0.536,-10.422,0.144,0.024,0.00199,0.269,0.785,126.256,0vFOzaXqZHahrZp6enQwQb,382834
0.559,0.345,-13.496,0.0459,0.0576,0.000105,0.141,0.458,84.581,3d9DChrdc6BOeFsbrZ3Is0,264307
0.516,0.549,-13.741,0.0373,0.501,0.00572,0.184,0.907,176.941,4gvea7UlDkAvsJBPZAd4oB,288733
0.574,0.913,-4.793,0.133,0.061,0.00158,0.156,0.423,115.728,2zYzyRzz6pRmhPzyfMEC8s,208400
0.541,0.96,-2.947,0.0505,0.0663,2.25e-06,0.344,0.812,122.803,0rmGAIH9LNJewFw7nKzZnc,222707
0.442,0.943,-3.205,0.0602,0.00293,8.71e-06,0.091,0.781,85.064,6L89mwZXSOwYl76YXfX13s,181533
0.729,0.989,-4.613,0.049,0.0102,4.45e-05,0.443,0.84,126.47,51H2y6YrNNXcy3dfc3qSbA,352906
0.508,0.774,-5.973,0.0321,0.0586,4.87e-06,0.063,0.942,178.946,20OFwXhEXf12DzwXmaV7fj,141600
0.35,0.828,-5.373,0.041,0.000217,0.000161,0.0774,0.147,105.435,2EoOZnxNgtmZaD8uUmz2nD,318587
0.801,0.723,-4.985,0.0689,0.0713,0.154,0.0675,0.883,109.03,5eU8qMd0TpaLqTGDZJaLDs,180518
0.64,0.651,-14.981,0.0517,0.142,0.28,0.0341,0.801,111.676,4c4jJJoaiY21t2TyRZgdWS,271573
0.585,0.532,-9.673,0.0268,0.209,0.00797,0.227,0.68,94.461,1hHGUdFaiJHw9hVZGJWYO2,180067
0.623,0.449,-13.333,0.0253,0.212,0.0,0.0613,0.572,84.383,5tVA6TkbaAH9QMITTQRrNv,256000
0.533,0.376,-11.913,0.0393,0.0302,0.248,0.0926,0.187,165.007,2EqlS6tkEnglzr7tkKAAYD,259947
0.252,0.797,-3.877,0.0328,0.00458,0.424,0.344,0.199,77.972,3q9npStSssk7sZWotiNQLK,535733
0.45,0.877,-6.403,0.0532,0.0118,4.95e-05,0.0699,0.896,162.477,5Th6EdNVhxp0TPX41ZLZk6,212707
0.394,0.622,-8.258,0.0336,0.213,4.45e-05,0.0892,0.342,126.844,0cKk8BKEi7zXbdrYdyqBP5,221427
0.421,0.751,-9.584,0.0472,0.2,0.0,0.17,0.789,89.839,6ToM0uwxtPKo9CMpbPGYvM,145867
0.292,0.823,-6.763,0.0407,0.0117,7.79e-05,0.155,0.244,89.939,1qOU8KzFifXE9YrgjVwYvc,275395
0.482,0.786,-5.735,0.032,0.00321,8.88e-05,0.446,0.793,126.755,4DMKwE2E2iYDKY01C335Uw,323000
0.481,0.262,-15.73,0.0414,0.735,0.0114,0.832,0.375,122.861,6mFkJmJqdDVQ1REhVfGgd1,334744
0.256,0.641,-10.283,0.0552,0.199,0.0329,0.0853,0.382,203.006,11LmqTE2naFULdEP94AUBa,281160
0.324,0.938,-7.332,0.102,0.032,0.0321,0.0961,0.543,168.131,0Puj4YlTm6xNzDDADXHMI9,178440
0.611,0.882,-11.225,0.0538,0.0847,1.08e-06,0.192,0.605,117.932,2HXixVqzzm9rEUIMAWzshl,246800
0.356,0.917,-6.006,0.0479,0.0335,0.0,0.406,0.518,171.176,57iDDD9N9tTWe75x6qhStw,357267
0.284,0.875,-6.069,0.0422,0.00752,0.000461,0.402,0.595,75.009,1L94M3KIu7QluZe63g64rv,340907
0.654,0.611,-10.45,0.119,0.0337,0.000178,0.405,0.786,85.387,5PntSbMHC1ud6Vvl8x56qd,235000
0.543,0.529,-9.717,0.0301,0.326,0.00269,0.709,0.746,85.126,3KPwt1LBpt1jVSHz8GXERo,313840
0.533,0.905,-5.27,0.0754,0.00876,0.578,0.0698,0.486,108.9,0wJoRiX5K5BxlqZTolB2LD,170813
0.465,0.977,-3.839,0.175,0.00111,0.00298,0.201,0.233,89.535,6imjJij6aCM0IbbODUzJQn,284027
0.507,0.588,-4.881,0.0641,0.0359,0.000129,0.373,0.637,170.889,6NvRxjfYkkT2SpirAlmsjH,278707
0.767,0.787,-9.897,0.0331,0.0163,0.583,0.0513,0.964,126.879,5QLHGv0DfpeXLNFo7SFEy1,266200
0.596,0.448,-9.616,0.0396,0.365,5.3e-06,0.206,0.796,83.293,1bp2IO61zbQrbWNmKKxg3f,264504
0.619,0.579,-9.307,0.0473,0.0152,6.4e-05,0.0858,0.69,127.224,4alHo6RGd0D3OUbTPExTHN,225627
0.377,0.681,-8.039,0.0298,0.00088,0.0023,0.0504,0.285,108.789,1QEEqeFIZktqIpPI4jSVSF,285133
0.634,0.551,-7.136,0.0352,0.00737,1.82e-05,0.07,0.453,151.779,6VoIBz0VhCyz7OdEoRYDiA,258827
0.466,0.833,-4.215,0.304,0.0266,0.0,0.0327,0.661,88.785,59WN2psjkt1tyaxjspN8fp,313573
0.723,0.863,-7.89,0.0338,0.0383,0.0317,0.128,0.931,136.302,2PzU4IB8Dr6mxV3lHuaG34,222813
0.551,0.86,-7.839,0.0796,0.262,4.57e-06,0.0558,0.723,136.921,78JmElAFmrPNhLjovDR9Jm,141507
0.668,0.906,-4.881,0.17,0.214,0.00245,0.135,0.507,135.653,2d4e45fmUnguxh6yqC7gNT,231933
0.531,0.481,-11.709,0.06,0.699,0.0,0.0842,0.491,138.45,1fDsrQ23eTAVFElUMaf38X,516893
0.673,0.814,-5.411,0.0367,0.0133,0.00293,0.343,0.728,147.193,1gzIbdFnGJ226LTl0Cn2SX,252200
0.599,0.79,-3.58,0.043,0.00257,0.00181,0.312,0.961,103.783,05NYcsjJwOYq4jIiKPVj9p,188067
0.489,0.349,-14.295,0.0323,0.676,0.0789,0.0866,0.622,124.348,4YMQXzscifAREG0a7KNGhB,196467
0.624,0.899,-5.709,0.0296,0.0221,0.000137,0.0975,0.79,104.061,3SUusuA9jH1v6PVwtYMbdv,193373
0.538,0.841,-7.547,0.0375,0.0424,0.00177,0.312,0.881,93.077,0emHuukZSuaOzOlsAWHj2W,231640
0.446,0.239,-13.945,0.0316,0.551,4.1e-06,0.0697,0.298,189.507,18AXbzPzBS8Y3AkgSxzJPb,336453
0.674,0.789,-6.903,0.0676,0.00178,0.00708,0.0753,0.918,129.802,1FTSo4v6BOZH9QxKc3MbVM,121160
0.608,0.768,-9.911,0.0364,0.101,1.41e-06,0.0942,0.748,132.699,7b4yGtR0rujvLi5EBfKKJ2,211160
0.572,0.835,-6.219,0.0317,0.171,0.000377,0.0702,0.795,129.981,5FqYA8KfiwsQvyBI4IamnY,241600
0.588,0.559,-4.849,0.0272,0.128,0.0,0.0977,0.278,123.845,1pXgBjIvALm97lDhroan2E,238587
0.575,0.318,-16.729,0.109,0.683,0.000202,0.0934,0.385,104.522,5p3JunprHCxClJjOmcLV8G,254173
0.504,0.918,-3.463,0.0517,0.00164,2.12e-05,0.78,0.539,92.031,5e3YOg6fIkP0wD5TyxcHOH,294827
0.437,0.864,-7.842,0.0904,0.396,0.0314,0.242,0.749,81.394,3qT4bUD1MaWpGrTwcvguhb,295387
0.619,0.67,-10.322,0.0353,0.00165,0.0109,0.331,0.777,129.269,45Ia1U4KtIjAPPU7Wv1Sea,211933
0.519,0.441,-14.178,0.0353,0.0204,0.000453,0.076,0.25,81.334,7wCmS9TTVUcIhRalDYFgPy,234973
0.468,0.833,-5.847,0.0324,0.00654,0.000332,0.326,0.884,131.248,76TpWFiK5YCgw1hy26DWZp,264413
0.385,0.783,-2.533,0.233,0.000269,0.47,0.108,0.902,176.701,4KcH1ZRV2W1q7Flq0QqC76,134467
0.513,0.979,-6.362,0.0425,0.0195,0.0951,0.0906,0.94,152.875,12yHvSYFXI7PGzNecUvIDu,295466
0.653,0.519,-10.164,0.0497,0.406,0.0209,0.101,0.822,98.883,1qRA5BS78u3gME0loMl9AA,153693
0.55,0.722,-11.729,0.0283,0.25,0.0129,0.11,0.716,103.886,14XWXWv5FoCbFzLksawpEe,434720
0.388,0.338,-10.054,0.0329,0.652,3.73e-06,0.248,0.478,177.765,2RlgNHKcydI9sayD2Df2xp,303373
0.402,0.597,-9.258,0.0327,0.0385,2.09e-06,0.109,0.496,81.806,7c1Dar0pIAW7w5TzaGjt9t,287000
0.493,0.586,-13.916,0.046,0.0202,0.00106,0.102,0.656,113.618,4MYb7NWLwXNDB7bYs3HeX8,232533
0.294,0.745,-9.138,0.0461,0.05,0.125,0.676,0.347,134.364,5Z8EDau8uNcP1E8JvmfkZe,210107
0.352,0.911,-5.23,0.0747,0.00121,0.0,0.0995,0.236,148.033,003vvx7Niy0yvhvHt4a68B,222973
0.479,0.847,-11.036,0.0984,0.00884,0.000206,0.144,0.317,90.654,3uz0O62HqYoyRiWZjS61KK,228560
0.486,0.449,-10.298,0.0267,0.166,2.23e-06,0.54,0.549,100.456,0pQskrTITgmCMyr85tb9qq,254293
0.427,0.201,-13.044,0.0317,0.745,0.263,0.109,0.0668,105.218,1nFtiJxYdhtFfFtfXBv06s,232147
0.651,0.801,-7.34,0.0514,0.123,0.0,0.0825,0.776,133.769,5jzma6gCzYtKB1DbEwFZKH,200480
0.367,0.452,-10.422,0.0307,0.0353,0.00228,0.689,0.189,113.066,54X78diSLoUDI3joC2bjMz,520787
0.383,0.97,-5.638,0.0435,0.0276,0.0,0.0942,0.62,101.603,21YxK0klhpfLW8budkJaMF,313926
0.751,0.703,-5.687,0.0287,0.368,0.00123,0.196,0.907,97.931,1QaJWSCk3UMKLotnPCIHh1,185960
0.443,0.727,-7.951,0.145,0.263,0.000141,0.169,0.566,160.82,1xKQbqQtQWrtQS47fUJBtl,253333
0.652,0.94,-7.927,0.0776,0.0398,0.782,0.0567,0.72,91.242,5h6SovHOYpIMlAkafxcbq3,246293
0.365,0.924,-7.066,0.0488,0.0144,0.000254,0.423,0.632,135.811,4e9hUiLsN4mx61ARosFi7p,296467
0.427,0.459,-12.442,0.0332,0.116,0.000103,0.132,0.383,129.878,5zH710lFSLtkHbMkslLDjR,293440
0.504,0.911,-2.97,0.0738,0.00512,0.0123,0.355,0.671,106.244,70Z9t1qhytWtG4cCmmi7mU,179760
0.438,0.805,-6.237,0.0624,0.00255,5.69e-05,0.0842,0.564,113.253,2aoo2jlRnM3A0NyLQqMN2f,240800
0.595,0.996,-3.418,0.0599,0.195,0.0345,0.0351,0.376,152.049,5o37x6LpNSec4jSfPIChsQ,151107
0.615,0.91,-4.248,0.0347,0.5,0.511,0.281,0.77,111.013,4hq0S6wznq7SHDyMOFXL9i,226333
0.373,0.869,-7.719,0.0554,0.164,7.76e-06,0.605,0.696,184.024,6N0AnkdDFZUetw8KAGHV7e,221400
0.641,0.894,-7.41,0.0273,0.0857,0.009,0.157,0.972,109.823,1KsI8NEeAna8ZIdojI3FiT,199453
0.53,0.864,-4.948,0.061,0.000753,0.000459,0.354,0.484,166.312,4TIJ7zSBNejpoIPaWpWRKc,288533
0.271,0.165,-20.652,0.0351,0.729,1.6e-06,0.118,0.203,77.082,29U7stRjqHU6rMiS8BfaI9,139227
0.746,0.243,-15.134,0.123,0.829,1.02e-06,0.0905,0.425,118.578,6VTbbVjKOC2qWagIDbkJrC,215747
0.664,0.194,-15.487,0.0357,0.909,3.85e-05,0.0829,0.443,129.863,3898C4AbdbptwYet6547e5,321827
0.349,0.182,-13.507,0.031,0.92,0.0152,0.143,0.178,136.094,648TTtYB0bH0P8Hfy0FmkL,191973
0.462,0.15,-13.531,0.0522,0.984,0.000902,0.105,0.19,98.66,30QD4VRP9yEneOh0eGTrtJ,207600
0.262,0.356,-8.031,0.0303,0.613,0.0,0.175,0.426,174.176,2IdwQxhJn9ZE4zIotcCefR,187667
0.454,0.26,-13.193,0.0401,0.539,0.00078,0.0675,0.598,174.322,1YQWosTIljIvxAgHWTp7KP,324133
0.663,0.264,-14.571,0.0914,0.706,0.0,0.1,0.657,122.482,33jt3kYWjQzqn3xyYQ5ZEh,354533
0.558,0.123,-10.396,0.0525,0.809,0.00121,0.0916,0.341,70.16,3yYfoYGVpriV4fG9L1ogsD,206333
0.387,0.117,-17.803,0.0299,0.925,0.000171,0.109,0.166,93.575,66iKqUazBbTlAEjcZrpDkD,151867
0.464,0.305,-12.435,0.0316,0.936,0.0846,0.208,0.282,108.229,0E8q2Fx2XuzXCO2NSAppkR,255227
0.532,0.0657,-19.136,0.0406,0.94,0.00488,0.0946,0.292,128.607,0F845nujLVqCb0XMZCh5Pc,201440
0.639,0.269,-11.435,0.0698,0.982,0.12,0.141,0.539,124.866,1pZn8AX1WulW8IO338hE5D,207827
0.421,0.0162,-25.358,0.0388,0.808,0.0024,0.0978,0.154,110.479,0aWMVrwxPNYkKmFthzmpRi,337733
0.474,0.0676,-16.101,0.0363,0.963,0.00291,0.14,0.248,115.713,0uPkCpuoERqrkBL06Art50,295240
0.595,0.306,-14.404,0.0345,0.883,0.000386,0.0733,0.464,133.63,7ilc2TB1RZXbQJyFs5qCiC,142533
0.488,0.0527,-27.331,0.0478,0.971,0.911,0.0882,0.193,49.689,4ol2UyMTiklHVujAWg02nE,306227
0.443,0.104,-17.042,0.101,0.913,0.0,0.191,0.394,76.497,78MI7mu1LV1k4IA2HzKmHe,185160
0.172,0.0696,-21.295,0.0339,0.916,0.00199,0.137,0.103,167.974,2gNjmvuQiEd2z9SqyYi8HH,298133
0.355,0.0304,-20.479,0.0361,0.989,0.0555,0.116,0.188,90.495,4smkJW6uzoHxGReZqqwHS5,211533
0.438,0.00756,-26.44,0.0382,0.941,0.00643,0.109,0.277,133.32,4l9hml2UCnxoNI3yCdL1BW,141133
0.532,0.151,-17.266,0.0376,0.706,0.00136,0.116,0.211,136.759,4vLYewWIvqHfKtJDk8c8tq,562640
0.588,0.0387,-17.944,0.06,0.978,0.823,0.116,0.342,83.4,6oSm3mBWFxJHEnjE2IqhmA,205667
0.572,0.152,-15.658,0.0408,0.961,0.000432,0.136,0.339,127.497,4SrJyRdyHYxxkcVMQ3QkGE,254667
0.427,0.114,-22.546,0.0509,0.843,0.863,0.0966,0.114,60.484,1J9iVCaEriyoMXpj2XszhU,282320
0.504,0.0644,-14.754,0.0408,0.972,4.36e-06,0.174,0.403,106.994,1LGqJ3nvxpVXDWpEzq4DJD,181440
0.723,0.0811,-14.113,0.0631,0.779,0.0,0.509,0.36,88.044,5y8zb3grlQonjdqd27K39T,181493
0.716,0.133,-15.846,0.0421,0.879,0.0,0.0966,0.551,62.14,7Kc3hZoCRTs5dNHU7GqT9x,140520
0.558,0.231,-11.436,0.0812,0.805,0.0,0.142,0.403,73.103,0Rk9byjmZksAJX15onGns5,167493
0.515,0.583,-8.182,0.0284,0.749,0.000294,0.123,0.414,116.11,0sCeNwt8xRCMR4NhKpMyBe,333947
0.501,0.0454,-18.783,0.0388,0.938,3.76e-05,0.2,0.255,99.783,4m6OC8u2rC6LMFtFWsME7d,166760
0.67,0.365,-10.158,0.0564,0.525,0.0,0.0575,0.45,119.344,2dR5WkrpwylTuT3jRWNufa,147147
0.591,0.0252,-15.214,0.0465,0.988,1.23e-05,0.0995,0.347,69.382,3lO4Z6BSp773vcovgYurHg,194573
0.761,0.103,-16.964,0.0416,0.944,0.0,0.127,0.53,114.044,373yGkNo74RZgmQgTiR8xK,160133
0.372,0.187,-13.497,0.0323,0.942,0.139,0.161,0.217,70.334,4rmCI9VWrwrJTJ8XQ80BMN,319733
0.488,0.124,-13.038,0.0404,0.963,0.333,0.246,0.205,66.105,016HKF7A4O7tatoJ9BgZM1,255960
0.395,0.121,-23.427,0.0327,0.935,0.397,0.697,0.139,114.521,6yKkA8HzwWTZ5taIMaG4Nm,297320
0.478,0.0294,-25.319,0.0453,0.993,0.948,0.105,0.148,124.308,1cpANF6zMBoFoxkoIjZHjv,324200
0.425,0.0429,-24.86,0.0408,0.951,0.0184,0.148,0.255,96.097,1xaTXPoDk4VOU9XhYX4KJM,419627
0.425,0.0469,-18.612,0.0354,0.955,0.0,0.137,0.154,135.335,0f2489MzoisF9pKduawvce,356627
0.442,0.033,-23.063,0.041,0.922,0.000171,0.151,0.21,103.34,4gFlHAye7To29Fs4UszQUH,179640
0.561,0.346,-12.596,0.0409,0.873,0.399,0.104,0.697,93.689,6CDQBADsdzJwc3qZ3OPDHH,290293
0.652,0.356,-13.733,0.0419,0.546,0.000103,0.132,0.56,148.822,2kF9Ijd7I2Kk2P4bYqUmzG,242347
0.492,0.0671,-15.671,0.0399,0.958,0.000968,0.109,0.165,124.908,1xlyVmdCo5lMRIzuMlAUF7,147413
0.572,0.398,-10.751,0.0376,0.841,4.59e-06,0.128,0.76,86.135,2XzHou7MZzOBQBqjWw86Nt,244867
0.339,0.342,-7.596,0.0313,0.962,0.319,0.162,0.393,132.599,6cU4urQRUieTBH08yKHAqj,167121
0.45,0.154,-14.485,0.0373,0.938,4.37e-06,0.16,0.243,110.666,5gPetRvxQKyOjjwZX1dzbt,195667
0.421,0.08,-21.795,0.04,0.903,0.859,0.135,0.0546,122.044,3f9KhpRN6mMYoVnpuozgHD,257693
0.626,0.152,-14.182,0.0405,0.934,6.05e-05,0.12,0.545,82.174,3pfbQmD5xGH9Tcc7GqGfSL,184467
0.417,0.0644,-19.687,0.0359,0.971,0.000134,0.126,0.138,113.713,6Kr25pa3pTd4no3yA0EcW1,191960
0.71,0.318,-8.948,0.0432,0.867,0.00038,0.169,0.58,126.05,7GBPpRMtLyGA6svXQMNfIN,194240
0.539,0.0678,-18.039,0.0468,0.967,0.168,0.114,0.263,124.105,4zPDjRgceGrR0Sm54YDTTf,294667
0.224,0.214,-14.455,0.0348,0.976,0.00094,0.367,0.14,83.906,7gHFBNy0Qn86xGKJ9OdFTw,179373
0.564,0.0822,-17.658,0.0453,0.962,0.583,0.11,0.483,127.422,6LPqphk2rbt2i63bR2o247,169507
0.535,0.258,-9.499,0.033,0.768,8.95e-05,0.115,0.281,110.953,0X5DcGkbxCXSadgj01ZXd7,659520
0.542,0.32,-9.975,0.0387,0.907,0.649,0.0609,0.206,116.648,1wl5b2lw3YagQtZiYZbQWP,193840
0.742,0.671,-8.142,0.0407,0.794,0.00441,0.122,0.591,127.359,1CDBaGlisZlOJzvx88lL8A,438280
0.203,0.0895,-19.755,0.0404,0.971,0.0213,0.108,0.115,173.451,2WMyu5IYgxEuCd6xgFgJrl,173533
0.463,0.654,-9.72,0.0659,0.824,0.917,0.372,0.592,175.204,54h1RKrrFJDsNOfhwmqu9o,209573
0.685,0.472,-9.691,0.0298,0.785,0.284,0.224,0.475,80.487,6MN6yRVriszuyAVlyF8ndB,205720
0.612,0.526,-8.558,0.0272,0.727,0.0331,0.183,0.594,129.341,38xcUjiTP1ivfb7ObwjyGA,429267
0.47,0.144,-12.824,0.0365,0.912,0.000118,0.0965,0.243,84.787,4zxd4tiXPlWMqoJltbVTbE,284560
0.551,0.119,-15.468,0.0435,0.924,0.00264,0.119,0.243,70.129,5FYgwqjjq9kPCMj8yArfTr,358200
0.483,0.364,-10.78,0.0265,0.564,0.299,0.0542,0.349,98.445,5FBf12F4ry9TXoZAvISu6F,349907
0.673,0.377,-14.141,0.0697,0.586,0.0,0.332,0.713,88.973,0RNxWy0PC3AyH4ThH3aGK6,201467
0.355,0.152,-14.864,0.0401,0.924,0.0771,0.126,0.145,65.215,6x8XKDM8Rnid4TyOUg9kj3,320773
0.525,0.222,-11.065,0.0373,0.836,0.0799,0.051,0.645,156.364,1xUJ1mdLAysxNBtO9w3J2g,195533
0.494,0.182,-11.116,0.0443,0.79,0.00036,0.129,0.21,112.689,5vb7At47uO0yPGfmYnAHuw,355333
0.544,0.425,-10.231,0.0346,0.719,0.0186,0.964,0.348,84.443,6NF8MZ2trxckVBr82pyyPt,313200
0.621,0.197,-14.483,0.0573,0.99,0.878,0.152,0.569,120.194,5PocwBP4qm33W4eQSZyVBZ,214000
0.522,0.379,-14.096,0.0286,0.635,0.925,0.114,0.454,133.698,7yzM0pEseQUpb6BMViOPEA,251600
0.336,0.0619,-20.494,0.0363,0.985,0.891,0.11,0.197,60.705,3GOZbK2epuHzCt5YvvVFHO,190400
0.593,0.103,-14.961,0.081,0.986,0.6,0.12,0.443,66.283,7AHF3V7qRPhZV7gzJLZ3CL,190933
0.417,0.42,-13.046,0.06,0.186,0.00111,0.185,0.517,147.143,1ZXu0ib26kWfQQngREMcU2,287844
0.418,0.295,-14.667,0.0303,0.913,0.896,0.248,0.132,109.621,4DVu7YgHVJaeN0C7HNpy2q,498147
0.553,0.546,-7.459,0.0341,0.439,0.000557,0.167,0.7,118.214,1xicvSO4CJ2ymqYgpk7DFh,342067
0.438,0.106,-14.939,0.0353,0.947,0.000103,0.147,0.0508,118.785,5m3XMzewNg9EADweC7j7Nn,291173
0.356,0.0937,-16.64,0.0353,0.957,0.096,0.209,0.278,86.669,3PJMsxg6rz9FOo6xNiASXz,342373
0.612,0.493,-8.589,0.0467,0.804,0.266,0.202,0.484,126.358,4Vkk3iD1VrENHJEACNddvt,570720
0.575,0.187,-13.081,0.0512,0.927,0.877,0.166,0.342,107.469,1sce5VJvCOYYDAR9rp9KdG,525613
0.277,0.242,-18.442,0.0342,0.694,0.464,0.113,0.285,175.384,2JOEPbuwVf0nafGnMSVEhH,824133
0.803,0.335,-13.331,0.0451,0.579,0.0128,0.0849,0.786,132.682,18A1V1vsy5YgHFqb4galTw,330440
0.476,0.0794,-19.166,0.0365,0.955,0.872,0.112,0.118,103.181,1wnbi9NzQPBCobZ6OYCpqH,162680
0.564,0.097,-16.442,0.038,0.958,0.0588,0.119,0.393,132.653,6PKCEB5JzjCizpz9hUQcpX,346920
0.27,0.688,-16.305,0.0547,0.973,0.884,0.669,0.219,75.845,4FMI4Ln1LhyxGldkNXan5e,416840
0.184,0.543,-13.583,0.0391,0.016,0.0,0.105,0.211,98.4,2gG3ivmsfylVXLyIJvLXyN,396067
0.599,0.444,-8.648,0.044,0.82,0.000474,0.122,0.508,142.81,10kVwPSRjUYja0EtdqmXHe,369387
0.578,0.351,-12.432,0.101,0.813,0.0,0.123,0.476,122.712,5z161QQZMgQxSILnv3QoJk,240867
0.671,0.352,-11.511,0.0556,0.532,0.000141,0.11,0.396,120.235,38R2EViAkYOFG8ZkG3GLtW,342891
0.635,0.0278,-21.504,0.0406,0.537,0.872,0.213,0.12,103.016,4JWfPMjVEh4SusNs8V3gt5,243333
0.462,0.0536,-17.55,0.0321,0.96,0.000219,0.121,0.138,63.118,7981FAW8DbDs1ueK4Ha8R2,332120
0.478,0.231,-18.064,0.0302,0.869,0.919,0.101,0.136,74.937,0kUYnVS6z9YhL22l9pDDcB,309200
0.659,0.113,-16.756,0.0569,0.976,0.88,0.179,0.738,95.063,2xm9ihELo6xwrRKrBbPql9,182360
0.531,0.366,-11.697,0.0496,0.911,0.88,0.0916,0.785,81.867,6qqK0oeBRapZn8f9hJJENw,482440
0.543,0.133,-16.846,0.1,0.805,0.00135,0.125,0.464,171.493,0GUUhTWMylAx5pHDI42t1V,188960
0.358,0.452,-13.02,0.0347,0.991,0.864,0.14,0.525,166.973,0Otf1ZfYNIjhqFIuJk0fsy,193867
0.608,0.387,-20.157,0.0411,0.86,0.662,0.187,0.809,91.489,5PXIzyJURVKyO1cwVDuGEK,149080
0.618,0.0772,-21.306,0.0514,0.975,0.919,0.107,0.36,104.691,1CRxANVlNyN2IYjarx96gU,273800
0.634,0.327,-9.703,0.0551,0.709,0.0131,0.158,0.498,80.825,4vWMrM0AwlhRlkAdQtC2zn,209400
0.615,0.145,-14.283,0.0422,0.748,0.0,0.0292,0.505,102.633,4R6rf3KbP45JST6Cr3Enry,130253
0.465,0.35,-12.977,0.0403,0.41,0.279,0.135,0.62,93.336,6YYu8qFzcY1ZyzzsJIQM12,688133
0.546,0.305,-10.934,0.0494,0.789,0.352,0.125,0.664,164.902,0sQ9ee2jJNTQgjy55Pse5H,198800
0.517,0.273,-17.279,0.0627,0.866,0.774,0.979,0.321,63.423,1GZD0TZJHmdQaZsucHBmWT,354573
0.588,0.4,-11.914,0.036,0.851,0.352,0.11,0.468,113.615,7CrNF9zL7tIQ2269DVxzST,403640
0.505,0.159,-11.235,0.0336,0.946,0.0127,0.212,0.196,59.385,7ysmJhXFQtiBQlk6EZ6sks,295200
0.373,0.302,-20.358,0.0376,0.818,0.835,0.171,0.35,86.925,0Dt1B5dNfajRczQKZA87aL,435267
0.223,0.105,-18.898,0.0364,0.744,0.0,0.0889,0.178,170.469,13Nh6UPBy8WgoTc5l7iGR8,161173
0.497,0.086,-13.579,0.0443,0.974,0.00106,0.124,0.171,129.332,6cRsRBzSaGwfnMMqNSjtFY,228360
0.319,0.157,-19.728,0.0368,0.987,0.849,0.138,0.266,191.259,4rrLFMxzVVwAJjmvHLPL8y,321027
0.34,0.0837,-12.072,0.042,0.985,0.761,0.0945,0.119,138.689,0IffIW3eyCx9aZ36IqOu5o,414240
0.419,0.0284,-24.09,0.0357,0.987,0.586,0.105,0.121,71.502,3Gcpi1CwKoQtc8B3H2ZOIX,216360
0.45,0.0288,-17.388,0.0467,0.994,0.895,0.118,0.358,130.838,5eFFsShr8vchESCk8HGxvn,274333
0.616,0.434,-7.257,0.031,0.581,0.0,0.131,0.404,108.467,4f0D7T8yswXUJ62AKLoMtS,505453
0.398,0.527,-16.591,0.0297,0.713,0.934,0.119,0.353,118.504,6eimz6jvlZaPwtflDWCTa0,301867
0.457,0.548,-12.486,0.0551,0.111,0.00016,0.103,0.76,88.8,16nJl8NnriCJxraco5Zssm,440840
0.464,0.0059,-22.41,0.0608,0.945,0.904,0.139,0.297,95.178,3jaUMGTyi4XHBZpXpIWzo2,254027
0.583,0.376,-10.914,0.0433,0.725,0.251,0.0642,0.614,120.713,3Y0LpU5kqQ3vSZvwcGjl1M,217373
0.53,0.454,-11.19,0.028,0.768,0.116,0.113,0.492,135.947,2JITVZu8o6ls9k8SoMRy7w,449773
0.605,0.376,-14.978,0.0322,0.253,0.207,0.117,0.948,131.927,5z7deaTe21B7QVPhSDouL1,370867
0.567,0.124,-16.446,0.0562,0.792,0.0,0.106,0.343,79.37,0BFCbH1cxzeUSJBVwJGRLg,162867
0.389,0.145,-22.965,0.0301,0.92,0.876,0.656,0.15,99.541,3NmLBig4t7RZWbLT3U2eBb,360307
0.781,0.106,-17.396,0.0584,0.947,0.0835,0.12,0.313,113.528,4z1E9GltZHciLum0ybby9h,407800
0.497,0.153,-12.65,0.0407,0.978,0.809,0.138,0.276,100.222,3kYrQXSao9IXp3EzMZQt5J,405227
0.623,0.403,-11.121,0.0426,0.451,1.13e-05,0.448,0.631,93.911,34xixFi5y3I5FIOH1ZWisx,396960
0.467,0.459,-9.706,0.0305,0.719,0.00312,0.0944,0.178,124.379,0T1EaGm6b9eM7xBf4F1hlc,477093
0.147,0.215,-14.594,0.0346,0.965,0.000928,0.184,0.102,171.46,7KsJkshpIjjeIwyKnkhQUc,266800
0.704,0.277,-11.675,0.035,0.814,0.756,0.0845,0.322,90.38,6oWhUfePc5h9r5pfw7wvPN,597280
0.539,0.403,-9.168,0.0531,0.794,0.000613,0.278,0.699,165.301,2BhU0Hl5OatWiCW93pE2b8,342333
0.479,0.318,-13.836,0.0395,0.278,0.0959,0.107,0.575,94.036,6KBsivP3Of4z2x6uNMAyE3,331800
0.26,0.203,-12.231,0.0353,0.99,0.944,0.134,0.064,173.503,0Xfq6BeOHdzf16gk9y8a1P,343280
0.517,0.0917,-18.395,0.0336,0.876,0.629,0.108,0.0836,95.068,72PqmnVj86bfTnkFiQ9Mx9,267173
0.376,0.278,-8.597,0.0416,0.912,0.886,0.0728,0.199,62.055,6KawDsALZTY6FA8CE1NLZK,429040
0.58,0.48,-7.682,0.0339,0.837,0.00432,0.171,0.48,108.892,7CnOzCWGrTINcDExG6u99y,563613
0.654,0.334,-12.662,0.0521,0.702,0.714,0.114,0.697,81.544,2oMaXY0yiWhAEWD7SutXh2,410667
0.589,0.386,-8.013,0.0441,0.75,0.0,0.15,0.518,142.371,47xU4Sm1RWZgRgugWPFxzz,127800
0.576,0.335,-12.706,0.0438,0.748,0.0714,0.131,0.455,77.415,2gt0kkTEph69p2ZWn177Tt,309360
0.524,0.222,-8.967,0.0346,0.907,0.00124,0.0544,0.325,120.71,58ylMBq2yqYdHyevarkNWa,322000
0.203,0.306,-12.366,0.0344,0.952,0.000307,0.281,0.0625,76.905,6RqomqKVORIwNJCKNxvc3F,181493
0.203,0.0186,-24.277,0.0408,0.985,0.377,0.0728,0.0481,76.591,5F8rPLt2c52p0SK7kiH26b,415000
0.224,0.122,-16.766,0.036,0.985,0.0206,0.111,0.0952,82.277,6YRVj7ZJyFrr6tso0QV15e,235760
0.473,0.67,-7.756,0.0353,0.446,3.15e-06,0.0957,0.808,152.484,1dZHIbmuBDAwXfQOM4dyM3,625293
0.589,0.184,-12.282,0.049,0.631,0.0,0.0819,0.343,98.365,2bOUrmH6OljKtXOLjvVEU8,139200
0.423,0.0418,-17.75,0.0323,0.953,0.0,0.125,0.137,105.901,3341eBppSCetzo507uJU06,178067
0.636,0.181,-17.511,0.0456,0.864,0.00251,0.0706,0.697,84.203,16KZuJfRKqMZQvmOibsVqX,282867
0.456,0.222,-16.879,0.0354,0.938,0.806,0.24,0.15,112.725,4qRJ7ZJyfzchEd2fjle7Bz,392000
0.371,0.0823,-20.45,0.0352,0.963,0.49,0.0838,0.0789,106.146,08lUeu1CxXvAoaKkemoEk8,431267
0.493,0.0421,-18.071,0.0347,0.913,0.173,0.0777,0.172,102.074,7DUGRxCf9NFJffb5Eei8Ar,447560
0.493,0.295,-15.536,0.0489,0.537,0.241,0.241,0.486,99.579,1M0bEJicvT2qmdJej9wjyk,417320
0.484,0.635,-7.109,0.043,0.558,0.0,0.366,0.673,99.308,2CBfYM9el9Sh15s9NCeYFP,433107
0.483,0.186,-21.828,0.042,0.943,0.877,0.115,0.51,150.705,0cNc2tivyPqzgp13BSM7St,321952
0.416,0.201,-11.461,0.0379,0.975,0.803,0.107,0.372,165.869,6MXrGG7nff0FXBQJa5UF9P,339333
0.438,0.0172,-23.66,0.0384,0.973,0.557,0.0815,0.136,100.989,1WygPWqmNs4s2fxtjmtI3O,354667
0.492,0.205,-8.488,0.0577,0.983,0.893,0.122,0.109,128.315,6TAW00MAPvS59yEoIgtOEI,310055
0.388,0.461,-11.718,0.0924,0.705,0.0,0.186,0.674,72.884,43hj7RjOE5vXtgnqPidEv4,164840
0.492,0.583,-9.927,0.19,0.673,2.38e-06,0.201,0.798,73.64,2cOSF20k8VkEoXllO0PsbG,178533
0.386,0.075,-14.124,0.0348,0.985,0.904,0.0869,0.23,96.76,2FnTwpi1PdHLjgHv4XQEFn,372787
0.54,0.327,-8.933,0.0363,0.868,0.356,0.121,0.356,96.224,5PfcpDnzz8VdUoziFWnhrU,473387
0.476,0.273,-17.457,0.0334,0.89,0.9,0.0978,0.164,117.779,1tbzRQCZUoKYMCxzK0Jx5p,392027
0.646,0.12,-13.447,0.0336,0.867,0.0,0.261,0.442,96.284,1f1ybry2mOfAgP3qBFMiKc,185667
0.5,0.208,-14.235,0.0743,0.769,0.496,0.372,0.461,180.852,4F0sSQCicLl5tme407ubvS,282667
0.529,0.0582,-19.131,0.0617,0.883,0.125,0.116,0.357,93.486,6tL1ZlPRSihc6gyWhVfA8X,271893
0.412,0.195,-10.288,0.0331,0.9,0.709,0.106,0.0778,133.918,1czzmAtPTw287TyMQEfCfg,372493
0.651,0.143,-22.617,0.0531,0.752,0.421,0.138,0.601,78.792,6OH7UCFY7SEJxxQkaYfAv8,519600
0.59,0.485,-5.262,0.197,0.81,0.0,0.281,0.695,148.851,0KDn1UsD2ym34dCT4P9ebj,147667
0.571,0.349,-10.584,0.042,0.525,0.00273,0.14,0.62,118.673,7lApnj6eswDJvT8mqGrut6,291840
0.573,0.247,-19.282,0.0627,0.713,5.64e-05,0.103,0.604,138.234,3iFlfQ0CXc9URaAvai8VUe,400447
0.604,0.498,-9.905,0.0778,0.695,0.000786,0.528,0.733,96.097,0DUyHDBRaxFiXDf6Jhh4JD,207480
0.529,0.0367,-21.63,0.0515,0.99,0.31,0.127,0.214,140.296,10El9hxviSBm7pChWxG1ib,330693
0.527,0.143,-22.39,0.0365,0.857,0.00219,0.18,0.43,101.037,1L7l5qJeQpqWDigBjxUcQw,150467
0.509,0.224,-11.123,0.0327,0.736,0.301,0.327,0.17,112.355,3QuSHJUfvuOyeKMS32Wckj,403360
0.418,0.227,-15.537,0.0379,0.912,0.822,0.0956,0.21,103.586,4N6JkrGD78eLooaTDmwo9s,395560
0.581,0.163,-16.612,0.0547,0.926,0.861,0.116,0.448,88.101,3hY3MPL9hAITPgVfiVlL5K,347773
0.555,0.0356,-20.862,0.0425,0.941,0.137,0.0816,0.194,111.337,0sRAziWSeUedBSKjapsy9F,297876
0.624,0.383,-10.561,0.0633,0.627,5.44e-06,0.0963,0.674,117.526,3bYBPyLGsa1unDrVaNzN4y,331267
0.664,0.422,-11.738,0.0552,0.388,0.000107,0.0626,0.533,89.263,71KwWlZvuikRRORNH3xvCq,327773
0.393,0.0331,-17.548,0.0417,0.973,0.000965,0.11,0.159,85.773,7yCEzOAfijmD88IA1DHgSo,180200
0.516,0.101,-12.753,0.0513,0.966,3.89e-05,0.0906,0.31,137.832,2TPRvPvUotVn4tGHAWWcog,245000
0.46,0.633,-7.153,0.0404,0.613,0.0,0.274,0.515,106.331,0qxiaagtTvTeNvzxHHc441,503787
0.438,0.129,-15.984,0.0346,0.957,0.0459,0.0884,0.127,84.845,4dUVpbIu8FW7R76gejw3cq,284680
0.394,0.441,-14.237,0.0371,0.692,0.0375,0.105,0.629,90.058,3AJSnSiVDz37q85LP2Rop0,378960
0.64,0.122,-22.617,0.0719,0.995,0.883,0.18,0.742,144.338,4HL2XUimEYLv0KDxD3Xpqz,295067
0.422,0.148,-15.38,0.0429,0.985,0.964,0.116,0.0857,125.334,7Codqj9B5oMniYPUhfv26I,202773
0.583,0.461,-9.58,0.0482,0.668,0.17,0.162,0.516,131.878,7Kwi4xmgY4qQwOhBe0zsbh,545347
0.279,0.129,-14.595,0.0326,0.939,0.000229,0.204,0.0796,59.991,3Sqv7KrLRowdwRwgpT4FAh,153707
0.552,0.509,-9.828,0.0428,0.605,0.509,0.0827,0.74,112.049,05LNBtMuc26HSAHh7C6iG8,407600
0.499,0.0808,-17.369,0.0427,0.989,0.799,0.0723,0.216,95.37,1ebZEQLe2lfwyMnuhnIDjx,413307
0.477,0.237,-17.115,0.0321,0.947,0.901,0.0974,0.178,126.222,2qswPLZD9CbUoSidGNyxwm,280481
0.701,0.393,-9.868,0.155,0.919,0.384,0.0964,0.791,75.908,1xXydFs62EqOXFMPizVhn4,196640
0.701,0.0908,-20.601,0.0528,0.841,0.511,0.0883,0.0858,81.155,2X5idL5vlUv99KEZVc1d4i,250853
0.357,0.144,-11.261,0.0313,0.957,0.288,0.235,0.138,77.983,1JXxyiihPJrMLotLklU0Cb,374627
0.749,0.152,-16.745,0.0493,0.655,0.000254,0.086,0.292,101.779,5doczA8CcUYo0J9H7uvHgU,232307
0.5,0.251,-12.981,0.0474,0.885,0.00165,0.248,0.697,174.935,1ewQUavRnFAEwPqqwKQ0nF,186067
0.552,0.171,-13.66,0.0544,0.955,0.877,0.122,0.152,102.408,7pKWTcPfT9mg2iAhobFHpS,244467
0.478,0.517,-11.592,0.0447,0.21,0.0006,0.523,0.488,122.97,5PGnB8aUHVm6tvYRHy4i30,267133
0.437,0.0857,-18.129,0.0384,0.84,0.641,0.0898,0.206,73.161,5uNtaTmigAubx5fLfO92AW,259413
0.456,0.205,-19.74,0.0452,0.952,0.889,0.101,0.31,111.5,6linlPbVWEecMEMfNcul1e,377707
0.488,0.282,-12.39,0.0525,0.857,1.87e-05,0.125,0.468,132.847,4WyWVpoXP9z0SczdZdfVI2,181010
0.53,0.143,-17.471,0.0423,0.958,0.497,0.278,0.119,125.464,6HvyFdP5JrCQdmxq2qi7MC,442227
0.607,0.311,-16.927,0.0354,0.535,0.881,0.0937,0.312,135.712,3TSdkwPeUfvgLwNTF8gfC0,370385
0.587,0.673,-7.858,0.0509,0.744,0.00618,0.0721,0.788,123.407,5f0n6K8hW2RIVXuZjxO0bu,385867
0.611,0.291,-18.392,0.0647,0.765,0.000133,0.0571,0.534,83.443,2EW1mFJaikQh0vxOoB7uGp,283740
0.392,0.168,-22.249,0.0442,0.637,0.358,0.198,0.292,123.419,5Vmt3ascqbh0QJCV1een0Q,277800
0.653,0.368,-11.567,0.0439,0.875,0.00305,0.0972,0.249,117.161,4w7EnqiLksvE6rcuR8F8bn,524093
0.438,0.182,-15.209,0.0338,0.983,0.841,0.119,0.0639,65.535,7hDq6sOZ5Rl1XnSSfoOBRK,284187
0.628,0.629,-10.234,0.0398,0.709,0.0583,0.0791,0.801,127.812,0gutl81vbXX1JGp5M0OoiE,193467
0.665,0.359,-8.887,0.0326,0.801,0.106,0.145,0.4,111.639,3Ysj0cl3Jlb6Ysp6um8QI7,368747
0.528,0.583,-8.776,0.0643,0.592,0.0,0.305,0.671,96.284,5KQ6uddno2Hht84gJDHsPF,495373
0.444,0.339,-16.936,0.0418,0.66,0.103,0.163,0.656,142.112,2C3rh8eX5vltOmwrz9I78n,456360
0.585,0.375,-12.171,0.0504,0.78,0.00365,0.0806,0.665,72.59,5wcAcShxT5qvLJvuM6jkZt,367400
0.571,0.293,-11.914,0.0385,0.828,0.179,0.112,0.23,82.745,57B6gMEI1E4E3kKLKvfX3U,480000
0.579,0.566,-8.733,0.0531,0.754,0.538,0.0987,0.83,125.031,3k7MPapSDy9kSWuhvXxP3c,281987
0.503,0.34,-9.034,0.0374,0.694,0.0,0.102,0.651,142.83,7hvZ6vMAnO0cDkkKKJok4Y,412653
0.485,0.0735,-20.188,0.0709,0.784,0.855,0.0951,0.332,75.939,6W25U2EbDixQbLbqpjz0TT,471173
0.503,0.344,-19.024,0.0369,0.673,0.381,0.096,0.468,108.489,0m8tSPLHhjhGToD6LW0RPp,191933
0.412,0.434,-13.3,0.0483,0.509,0.00735,0.24,0.505,94.84,12cMYRYTV2RTz4YTlOpgSu,339067
0.308,0.114,-20.291,0.0399,0.912,0.919,0.169,0.163,79.261,1cfMdMmJqBlLn4auevv0iB,439120
0.564,0.305,-14.224,0.063,0.794,0.0983,0.152,0.571,115.739,5eMz1VtT2zNtsyh1bDgDhb,266707
0.468,0.391,-13.196,0.0269,0.658,0.0617,0.111,0.342,142.413,1ChYuSIoOFDVY6fHSXF6zS,550493
0.484,0.488,-9.127,0.048,0.867,0.141,0.147,0.426,149.977,0d6m2xfXqMyEKOeRvfL7Ot,173733
0.521,0.0995,-17.071,0.0372,0.987,0.944,0.109,0.227,63.155,13hLjPatKentvawsFceF9a,338733
0.431,0.511,-8.052,0.0554,0.75,6.22e-05,0.332,0.664,174.922,7f4svguucdFTOv6gOjOvhO,733067
0.35,0.323,-19.458,0.0345,0.854,0.88,0.235,0.6,173.122,7z4EbJbnbvWcP9Bg15fpgC,321157
0.286,0.0553,-20.216,0.034,0.982,0.592,0.0989,0.182,52.789,2n0nSu6H5KrAYRfI6iKtwT,332133
0.417,0.11,-16.504,0.0405,0.951,0.721,0.174,0.22,57.312,11vaRXRIFXJTRr3BuzNbk5,313440
0.463,0.263,-18.136,0.0288,0.878,0.264,0.0958,0.123,112.799,76XN6m7RzGYwnzngUGD6Tt,357423
0.559,0.288,-19.037,0.0381,0.885,0.926,0.642,0.474,87.998,49H4LDNFE5BU7ZMIg8UsZy,420227
0.559,0.481,-18.153,0.0433,0.673,0.86,0.215,0.494,99.797,0FKnknau5UBXgN2Q6vVHgC,232378
0.443,0.0711,-20.146,0.0486,0.989,0.894,0.101,0.596,175.02,0ADAFZE0bYIuaIyPNFl3LE,172293
0.439,0.082,-17.066,0.0407,0.972,0.893,0.0913,0.492,124.69,08rTZ8jNknn8VBS3v2o8pT,195160
0.438,0.594,-10.111,0.0583,0.78,0.177,0.0751,0.589,75.926,3rXJbXaRGLK1A6vPmRafRR,388147
0.615,0.204,-16.075,0.0439,0.872,0.382,0.071,0.496,96.47,3X3p3u03P8eFL8WTH0oaaU,344067
0.484,0.47,-13.111,0.0679,0.58,0.0751,0.343,0.188,107.794,2wHIDNvfYyZWPpMqX3fDE4,349027
0.546,0.322,-19.111,0.037,0.662,0.0299,0.76,0.488,96.07,1xKMxT6PFOr4RJWhoisP0t,407587
0.487,0.535,-8.47,0.0305,0.73,0.00414,0.0903,0.591,144.548,1duGF26RKaTntfsJ0cTkzj,379000
0.47,0.684,-7.873,0.0377,0.714,1.92e-05,0.0797,0.483,128.506,2PGjqrXgOBqP8G4R6EKmpR,399467
0.406,0.746,-7.838,0.0524,0.403,0.0816,0.305,0.59,93.056,4ZAcQgIlpV5z7k7evEF0MJ,441427
0.405,0.0277,-21.897,0.033,0.97,0.534,0.114,0.279,51.059,7yRMYF0BqrqPjinbG9Ja3Z,222360
0.649,0.271,-15.198,0.0498,0.708,4.54e-06,0.124,0.626,126.026,4jCoxXaEKeTWkQ7HL1d5de,441027
0.364,0.679,-9.923,0.0642,0.497,6.43e-06,0.217,0.45,79.9,05aZ2boQ1yuAD4p4HyORbK,718960
0.645,0.309,-16.798,0.0416,0.686,5.62e-06,0.243,0.824,104.792,4Ee5140BdE8S0wHlWjq0DO,235733
0.485,0.34,-10.058,0.0294,0.121,5.05e-06,0.0895,0.17,90.857,5Pp7GAMJHAW31meFVjNg58,180707
0.598,0.339,-8.876,0.0358,0.606,0.103,0.098,0.29,63.995,0gD78Kq5CLlc1j9e9G8Ejv,485227
0.515,0.198,-17.685,0.0912,0.937,0.793,0.282,0.38,70.081,21YUZQmqekadSlCCZpawCH,191622
0.458,0.155,-17.853,0.0405,0.908,0.621,0.299,0.276,126.281,2bPeAxNC1S1C359ds8Tw3X,526893
0.496,0.127,-14.211,0.0382,0.927,7.07e-05,0.132,0.211,74.746,34zhjduFdQFhkRUJ230h9T,185587
0.313,0.0437,-22.627,0.0315,0.989,0.148,0.209,0.0625,100.827,1CTex49P0iWwzUGsMNjgaV,192867
0.573,0.275,-10.684,0.0534,0.84,0.0,0.196,0.588,140.9,5BLr7EEgi2JdKbMbYjFXas,148267
0.455,0.106,-14.086,0.0422,0.986,0.0,0.122,0.258,66.807,5DIVWgTeJ2fPIxaY9e7ZKn,196440
0.35,0.607,-11.141,0.0498,0.794,0.446,0.116,0.597,187.101,1QlTNF43OyKK9BorIRsJ8o,422640
0.365,0.136,-12.42,0.0436,0.921,0.0,0.103,0.255,64.212,0DuWyzeLH09PQcnOMJiRgE,197707
0.729,0.675,-6.003,0.0312,0.175,1.58e-06,0.55,0.779,119.968,1fidCEsYlaVE3pHwKCvpFZ,245867
0.621,0.31,-10.164,0.0283,0.945,6.12e-05,0.117,0.125,111.893,0GNI8K3VATWBABQFAzBAYe,240707
0.583,0.829,-4.603,0.134,0.00864,0.0,0.0426,0.575,174.028,49FYlytm3dAAraYgpoJZux,275987
0.422,0.712,-5.907,0.1,0.273,0.0,0.051,0.471,78.454,2CvOqDpQIMw69cCzWqr5yr,261160
0.704,0.558,-7.273,0.0542,0.148,0.0,0.107,0.245,110.444,4lLtanYk6tkMvooU0tWzG8,222091
0.567,0.888,-3.201,0.0993,0.0228,0.0,0.279,0.41,129.962,6GREIx79VAYuT0DYDGTIJh,256227
0.6,0.663,-5.802,0.0477,0.225,0.0,0.119,0.286,121.07,4nVBt6MZDDP6tRVdQTgxJg,245493
0.722,0.851,-3.873,0.0639,0.0319,0.0,0.108,0.452,126.885,5yDL13y5giogKs2fSNf7sj,197936
0.613,0.622,-5.794,0.0334,0.00882,0.0,0.37,0.484,80.003,2y4lAQpi5VTNLu2ldeTdUH,231240
0.615,0.711,-5.507,0.0779,0.0444,0.0,0.145,0.711,144.036,7xkQdy0cy5ymoWT7nedvLz,221253
0.671,0.808,-4.861,0.0652,0.02,0.0,0.134,0.637,121.956,1r3myKmjWoOqRip99CmSj1,206080
0.667,0.871,-4.905,0.0343,0.00569,0.00655,0.165,0.187,128.042,4aBYzs8RxZMuqyOanNlf8I,201560
0.645,0.891,-2.505,0.0387,0.0932,3.88e-06,0.379,0.568,124.915,2rgtCOVK2tpfao2VjURn84,203520
0.709,0.745,-6.437,0.0738,0.0225,5.2e-05,0.154,0.576,126.027,0GX5oOKtU0nnx5OkhenW2i,234360
0.259,0.437,-6.589,0.0386,0.102,1.32e-06,0.106,0.0951,180.042,1j4kHkkpqZRBwE0A4CN4Yv,239000
0.825,0.832,-5.853,0.0403,0.00587,0.000789,0.114,0.713,122.021,00BuKLSAFkaEkaVAgIMbeA,220627
0.754,0.804,-3.177,0.0853,0.00332,0.0,0.0329,0.818,119.968,1DqdF42leyFIzqNDv9CjId,203867
0.616,0.869,-3.911,0.0327,0.0283,0.0,0.064,0.473,127.966,6ebkx7Q5tTxrCxKq4GYj0Y,234560
0.688,0.853,-5.814,0.0493,0.386,0.0,0.0862,0.743,103.993,59dLtGBS26x7kc0rHbaPrq,268320
0.646,0.795,-3.293,0.0976,0.0319,0.0,0.267,0.796,89.99,0qOnSQQF0yzuPWsXrQ9paz,210960
0.668,0.857,-2.944,0.0535,0.0191,6.71e-06,0.0385,0.748,131.959,16Of7eeW44kt0a1M0nitHM,215693
0.616,0.862,-5.18,0.0973,0.00117,0.0,0.179,0.569,127.992,5sAlmL7Qp9N9BJTADkwEt9,234693
0.564,0.71,-4.92,0.0461,0.00125,0.0,0.109,0.393,91.972,5pDUMdIiW0rNLzFryqpC9j,225147
0.664,0.845,-6.115,0.0461,0.181,0.0,0.267,0.357,96.005,3ZuiIFm9nRnkRz8AZAekjJ,211253
0.716,0.821,-3.435,0.0314,0.0558,0.0,0.0844,0.618,92.997,6cpk00i5TxCqSeqNi2HuIe,219547
0.466,0.759,-4.978,0.199,0.0521,0.0,0.0587,0.328,160.033,519tXYJVcrpEMqV2BMbh6E,264373
0.752,0.872,-4.186,0.117,0.12,0.0,0.234,0.677,123.888,4HQ9gXAtONKs8NCM0MFUTu,195960
0.516,0.764,-6.223,0.0366,0.0717,0.0,0.115,0.376,148.021,1NhPKVLsHhFUHIOZ32QnS2,224693
0.593,0.74,-6.12,0.0339,0.363,2.22e-05,0.102,0.502,118.008,428lSKYV9R5f5d4XGOeniY,208107
0.638,0.924,-3.887,0.036,0.00205,0.000175,0.149,0.53,111.995,69uxyAqqPIsUyTO8txoP2M,263787
0.723,0.809,-3.081,0.0625,0.00346,0.00123,0.565,0.274,98.007,04Hd3SxnL6b41B4ClPtmtq,176561
0.476,0.718,-5.309,0.0576,0.0784,1.02e-05,0.122,0.142,199.864,4pdPtRcBmOSQDlJ3Fk945m,205947
0.636,0.815,-5.098,0.0581,0.0185,0.0,0.163,0.636,123.063,5tf1VVWniHgryyumXyJM7w,219043
0.689,0.711,-5.027,0.0455,0.00714,0.000499,0.135,0.566,115.048,0k93MXOj0kSXo84SvSDeUz,206320
0.742,0.819,-5.307,0.0487,0.372,0.0,0.277,0.709,117.986,1CUVN2kn7mW5FjkqXTR2W1,196613
0.598,0.851,-4.245,0.12,0.0355,2.81e-05,0.365,0.612,202.046,0F2HPooQ20wUQxOOued2JV,203987
0.696,0.743,-3.838,0.0331,0.0778,0.0,0.0581,0.644,122.978,1D3ODoXHBLpdxolZRHWV1j,201254
0.73,0.775,-4.821,0.0782,0.17,0.0,0.29,0.92,120.053,7n9bPHZvl5UvmLPhNjUH1C,206500
0.491,0.693,-6.487,0.0377,0.211,6.92e-06,0.325,0.412,90.027,3RiPr603aXAoi4GHyXx0uy,258267
0.449,0.585,-6.761,0.0268,0.0509,8.75e-05,0.0833,0.212,139.631,6nek1Nin9q48AVZcWs9e9D,278719
0.679,0.715,-6.383,0.0407,0.0755,0.0,0.271,0.571,127.435,6fNhZRFEkBfgW39W3wKARJ,214148
0.555,0.923,-4.748,0.161,0.197,0.0,0.0778,0.363,118.007,6Tt1P5CLUrl59oSOTVxON0,192681
0.772,0.744,-5.803,0.0398,0.0547,0.0,0.0852,0.86,120.067,1NkwZ9TnIs8js6G0M6M7RU,202480
0.589,0.731,-6.343,0.0868,0.0534,0.0,0.308,0.191,87.908,3YU6vJbjYUG0tiJyXf9x5V,268867
0.845,0.567,-8.118,0.0956,0.59,0.00142,0.0811,0.793,125.02,4B0JvthVoAAuygILe3n4Bs,205680
0.422,0.264,-7.064,0.0322,0.922,0.0,0.132,0.331,119.93,3U4isOIWM3VvDubwSI3y7a,269560
0.654,0.76,-3.669,0.045,0.0797,0.0,0.299,0.41,99.945,09CtPGIpYB4BrO8qb1RGsF,200787
0.578,0.866,-3.804,0.0619,0.00701,0.0,0.257,0.619,128.038,4kbj5MwxO1bq9wjT5g9HaA,199080
